,R_squared,mean_abs_error
0,0.4140892080199099,13.347577749138804
